a,vf_max,n_cuts
1,0.728736305,2
2,0.271263695,2
